rank,pc,cycles,function,offset
0,0x0000059c,27910,core_bench_list,424
1,0x000005a0,27910,core_bench_list,428
2,0x000005a4,27910,core_bench_list,432
3,0x0000058c,27780,core_bench_list,408
4,0x00000590,27780,core_bench_list,412
5,0x00000594,27780,core_bench_list,416
6,0x00000598,27780,core_bench_list,420
7,0x00000bc0,7630,core_bench_list,1996
8,0x00000bc4,7630,core_bench_list,2000
9,0x00000bc8,7620,core_bench_list,2004
10,0x00000bcc,7620,core_bench_list,2008
11,0x00008c54,7400,core_bench_state,852
12,0x00008c58,7400,core_bench_state,856
13,0x00008c5c,7400,core_bench_state,860
14,0x00008c60,7400,core_bench_state,864
15,0x00008d40,7400,core_bench_state,1088
16,0x00008d44,7400,core_bench_state,1092
17,0x00008d48,7400,core_bench_state,1096
18,0x00008d4c,7400,core_bench_state,1100
19,0x00000bd0,7130,core_bench_list,2012
20,0x00000bd4,7130,core_bench_list,2016
21,0x00000bd8,7120,core_bench_list,2020
22,0x00000bdc,7120,core_bench_list,2024
23,0x00000518,6840,core_bench_list,292
24,0x0000051c,6840,core_bench_list,296
25,0x00000520,6780,core_bench_list,300
26,0x00000524,6780,core_bench_list,304
27,0x00008a18,6560,core_bench_state,280
28,0x00008a1c,6560,core_bench_state,284
29,0x00008a20,6560,core_bench_state,288
